{
  "resources": [
    "/assets/sounds/ludo_soundsprite.wav"
  ],
  "spritemap": {
    "dice_roll": {
      "start": 0,
      "end": 1
    },
    "token_move": {
      "start": 1.3499773242630386,
      "end": 1.5099773242630385
    },
    "token_capture": {
      "start": 1.8599546485260772,
      "end": 2.479954648526077
    },
    "token_home": {
      "start": 2.8299319727891157,
      "end": 3.379909297052154
    },
    "button_click": {
      "start": 3.7298866213151927,
      "end": 3.799863945578231
    },
    "game_start": {
      "start": 4.14984126984127,
      "end": 4.899818594104309
    },
    "invalid_move": {
      "start": 5.249795918367347,
      "end": 5.519773242630386
    },
    "six_bonus": {
      "start": 5.8697505668934244,
      "end": 6.3697505668934244
    },
    "game_win": {
      "start": 6.719727891156462,
      "end": 9.119727891156462
    }
  }
}